FileTime,File Name,GHG Time,SF3 Time,Time Offset (s)
2025-05-31 21:00:00,2025-05-31T210000_smart3-01381.ghg,1748748013.0,1748748013.0,0
2025-05-31 21:30:00,2025-05-31T213000_smart3-01381.ghg,1748749811.0,1748749811.0,0
2025-05-31 22:00:00,2025-05-31T220000_smart3-01381.ghg,1748751613.0,1748751613.0,0
2025-05-31 22:30:00,2025-05-31T223000_smart3-01381.ghg,1748753413.0,1748753413.0,0
2025-05-31 23:00:00,2025-05-31T230000_smart3-01381.ghg,1748755213.0,1748755213.0,0
2025-06-01 00:00:40,2025-06-01T000040_smart3-01381.ghg,1748758807.0,1748758808.0,1
2025-06-01 00:30:00,2025-06-01T003000_smart3-01381.ghg,1748760612.0,1748760612.0,0
2025-06-01 01:00:00,2025-06-01T010000_smart3-01381.ghg,1748762413.0,1748762413.0,0
2025-06-01 01:30:00,2025-06-01T013000_smart3-01381.ghg,1748764216.0,1748764216.0,0
2025-06-01 02:00:00,2025-06-01T020000_smart3-01381.ghg,1748766017.0,1748766018.0,1
2025-06-01 02:30:00,2025-06-01T023000_smart3-01381.ghg,1748767810.0,1748767810.0,0
2025-06-01 03:00:00,2025-06-01T030000_smart3-01381.ghg,1748769612.0,1748769612.0,0
2025-06-01 03:30:00,2025-06-01T033000_smart3-01381.ghg,1748771414.0,1748771414.0,0
2025-06-01 04:00:00,2025-06-01T040000_smart3-01381.ghg,1748773216.0,1748773216.0,0
2025-06-01 04:30:00,2025-06-01T043000_smart3-01381.ghg,1748775018.0,1748775018.0,0
2025-06-01 05:00:00,2025-06-01T050000_smart3-01381.ghg,1748776810.0,1748776810.0,0
2025-06-01 05:30:00,2025-06-01T053000_smart3-01381.ghg,1748778612.0,1748778612.0,0
2025-06-01 06:00:00,2025-06-01T060000_smart3-01381.ghg,1748780414.0,1748780415.0,1
2025-06-01 06:30:00,2025-06-01T063000_smart3-01381.ghg,1748782216.0,1748782216.0,0
2025-06-01 07:00:00,2025-06-01T070000_smart3-01381.ghg,1748784009.0,1748784009.0,0
2025-06-01 07:30:00,2025-06-01T073000_smart3-01381.ghg,1748785811.0,1748785811.0,0
2025-06-01 08:00:00,2025-06-01T080000_smart3-01381.ghg,1748787612.0,1748787613.0,1
2025-06-01 08:30:00,2025-06-01T083000_smart3-01381.ghg,1748789416.0,1748789416.0,0
2025-06-01 09:00:00,2025-06-01T090000_smart3-01381.ghg,1748791218.0,1748791218.0,0
2025-06-01 09:30:00,2025-06-01T093000_smart3-01381.ghg,1748793010.0,1748793011.0,1
2025-06-01 10:00:00,2025-06-01T100000_smart3-01381.ghg,1748794812.0,1748794812.0,0
2025-06-01 10:30:00,2025-06-01T103000_smart3-01381.ghg,1748796614.0,1748796614.0,0
2025-06-01 11:00:00,2025-06-01T110000_smart3-01381.ghg,1748798417.0,1748798417.0,0
2025-06-01 11:30:00,2025-06-01T113000_smart3-01381.ghg,1748800209.0,1748800209.0,0
2025-06-01 12:00:00,2025-06-01T120000_smart3-01381.ghg,1748802012.0,1748802012.0,0
2025-06-01 12:30:00,2025-06-01T123000_smart3-01381.ghg,1748803814.0,1748803814.0,0
2025-06-01 13:00:00,2025-06-01T130000_smart3-01381.ghg,1748805613.0,1748805613.0,0
2025-06-01 13:30:00,2025-06-01T133000_smart3-01381.ghg,1748807419.0,1748807420.0,1
2025-06-01 14:00:00,2025-06-01T140000_smart3-01381.ghg,1748809211.0,1748809211.0,0
2025-06-01 14:30:00,2025-06-01T143000_smart3-01381.ghg,1748811013.0,1748811013.0,0
2025-06-01 15:00:00,2025-06-01T150000_smart3-01381.ghg,1748812815.0,1748812815.0,0
2025-06-01 15:30:00,2025-06-01T153000_smart3-01381.ghg,1748814616.0,1748814616.0,0
2025-06-01 16:00:00,2025-06-01T160000_smart3-01381.ghg,1748816410.0,1748816411.0,1
2025-06-01 16:30:00,2025-06-01T163000_smart3-01381.ghg,1748818212.0,1748818212.0,0
2025-06-01 17:00:00,2025-06-01T170000_smart3-01381.ghg,1748820013.0,1748820014.0,1
2025-06-01 17:30:00,2025-06-01T173000_smart3-01381.ghg,1748821816.0,1748821816.0,0
2025-06-01 18:00:00,2025-06-01T180000_smart3-01381.ghg,1748823612.0,1748823613.0,1
2025-06-01 18:30:00,2025-06-01T183000_smart3-01381.ghg,1748825410.0,1748825410.0,0
2025-06-01 19:00:00,2025-06-01T190000_smart3-01381.ghg,1748827211.0,1748827211.0,0
2025-06-01 19:30:00,2025-06-01T193000_smart3-01381.ghg,1748829014.0,1748829014.0,0
2025-06-01 20:00:00,2025-06-01T200000_smart3-01381.ghg,1748830816.0,1748830816.0,0
2025-06-01 20:30:00,2025-06-01T203000_smart3-01381.ghg,1748832618.0,1748832618.0,0
2025-06-01 21:00:00,2025-06-01T210000_smart3-01381.ghg,1748834410.0,1748834410.0,0
2025-06-01 21:30:00,2025-06-01T213000_smart3-01381.ghg,1748836213.0,1748836213.0,0
2025-06-01 22:00:00,2025-06-01T220000_smart3-01381.ghg,1748838015.0,1748838016.0,1
2025-06-01 22:30:00,2025-06-01T223000_smart3-01381.ghg,1748839817.0,1748839817.0,0
2025-06-01 23:00:00,2025-06-01T230000_smart3-01381.ghg,1748841609.0,1748841609.0,0
2025-06-01 23:30:00,2025-06-01T233000_smart3-01381.ghg,1748843412.0,1748843412.0,0
2025-06-02 00:00:00,2025-06-02T000000_smart3-01381.ghg,1748845213.0,1748845213.0,0
2025-06-02 00:30:00,2025-06-02T003000_smart3-01381.ghg,1748847015.0,1748847016.0,1
2025-06-02 01:00:00,2025-06-02T010000_smart3-01381.ghg,1748848818.0,1748848818.0,0
2025-06-02 01:30:00,2025-06-02T013000_smart3-01381.ghg,1748850610.0,1748850610.0,0
2025-06-02 02:00:00,2025-06-02T020000_smart3-01381.ghg,1748852412.0,1748852412.0,0
2025-06-02 02:30:00,2025-06-02T023000_smart3-01381.ghg,1748854213.0,1748854213.0,0
2025-06-02 03:00:00,2025-06-02T030000_smart3-01381.ghg,1748856016.0,1748856016.0,0
2025-06-02 03:30:00,2025-06-02T033000_smart3-01381.ghg,1748857818.0,1748857818.0,0
2025-06-02 04:00:00,2025-06-02T040000_smart3-01381.ghg,1748859612.0,1748859612.0,0
2025-06-02 04:30:00,2025-06-02T043000_smart3-01381.ghg,1748861412.0,1748861412.0,0
2025-06-02 05:00:00,2025-06-02T050000_smart3-01381.ghg,1748863214.0,1748863214.0,0
2025-06-02 05:30:00,2025-06-02T053000_smart3-01381.ghg,1748865016.0,1748865016.0,0
2025-06-02 06:00:00,2025-06-02T060000_smart3-01381.ghg,1748866818.0,1748866818.0,0
2025-06-02 06:30:00,2025-06-02T063000_smart3-01381.ghg,1748868609.0,1748868609.0,0
2025-06-02 07:00:00,2025-06-02T070000_smart3-01381.ghg,1748870412.0,1748870412.0,0
2025-06-02 07:30:00,2025-06-02T073000_smart3-01381.ghg,1748872215.0,1748872215.0,0
2025-06-02 08:00:00,2025-06-02T080000_smart3-01381.ghg,1748874016.0,1748874016.0,0
2025-06-02 08:30:00,2025-06-02T083000_smart3-01381.ghg,1748875819.0,1748875819.0,0
2025-06-02 09:00:00,2025-06-02T090000_smart3-01381.ghg,1748877610.0,1748877610.0,0
2025-06-02 09:30:00,2025-06-02T093000_smart3-01381.ghg,1748879413.0,1748879413.0,0
2025-06-02 10:00:00,2025-06-02T100000_smart3-01381.ghg,1748881215.0,1748881215.0,0
2025-06-02 10:30:00,2025-06-02T103000_smart3-01381.ghg,1748883017.0,1748883017.0,0
2025-06-02 11:00:00,2025-06-02T110000_smart3-01381.ghg,1748884809.0,1748884809.0,0
2025-06-02 11:30:00,2025-06-02T113000_smart3-01381.ghg,1748886611.0,1748886611.0,0
2025-06-02 12:00:00,2025-06-02T120000_smart3-01381.ghg,1748888413.0,1748888413.0,0
2025-06-02 12:30:00,2025-06-02T123000_smart3-01381.ghg,1748890215.0,1748890215.0,0
2025-06-02 13:00:00,2025-06-02T130000_smart3-01381.ghg,1748892016.0,1748892017.0,1
2025-06-02 13:30:00,2025-06-02T133000_smart3-01381.ghg,1748893810.0,1748893810.0,0
2025-06-02 14:00:00,2025-06-02T140000_smart3-01381.ghg,1748895611.0,1748895612.0,1
2025-06-02 14:30:00,2025-06-02T143000_smart3-01381.ghg,1748897414.0,1748897414.0,0
2025-06-02 15:00:00,2025-06-02T150000_smart3-01381.ghg,1748899216.0,1748899216.0,0
2025-06-02 15:30:00,2025-06-02T153000_smart3-01381.ghg,1748901018.0,1748901018.0,0
2025-06-02 16:00:00,2025-06-02T160000_smart3-01381.ghg,1748902810.0,1748902811.0,1
2025-06-02 16:30:00,2025-06-02T163000_smart3-01381.ghg,1748904612.0,1748904612.0,0
2025-06-02 17:00:00,2025-06-02T170000_smart3-01381.ghg,1748906415.0,1748906415.0,0
2025-06-02 17:30:00,2025-06-02T173000_smart3-01381.ghg,1748908216.0,1748908217.0,1
2025-06-02 18:00:00,2025-06-02T180000_smart3-01381.ghg,1748910009.0,1748910009.0,0
2025-06-02 18:30:00,2025-06-02T183000_smart3-01381.ghg,1748911810.0,1748911810.0,0
2025-06-02 19:00:00,2025-06-02T190000_smart3-01381.ghg,1748913613.0,1748913613.0,0
2025-06-02 19:30:00,2025-06-02T193000_smart3-01381.ghg,1748915415.0,1748915415.0,0
2025-06-02 20:00:00,2025-06-02T200000_smart3-01381.ghg,1748917218.0,1748917218.0,0
2025-06-02 20:30:00,2025-06-02T203000_smart3-01381.ghg,1748919010.0,1748919010.0,0
2025-06-02 21:00:00,2025-06-02T210000_smart3-01381.ghg,1748920811.0,1748920811.0,0
2025-06-02 21:30:00,2025-06-02T213000_smart3-01381.ghg,1748922614.0,1748922614.0,0
2025-06-02 22:00:00,2025-06-02T220000_smart3-01381.ghg,1748924416.0,1748924416.0,0
2025-06-02 22:30:00,2025-06-02T223000_smart3-01381.ghg,1748926219.0,1748926219.0,0
2025-06-02 23:00:00,2025-06-02T230000_smart3-01381.ghg,1748928011.0,1748928011.0,0
2025-06-02 23:30:00,2025-06-02T233000_smart3-01381.ghg,1748929812.0,1748929813.0,1
2025-06-03 00:00:00,2025-06-03T000000_smart3-01381.ghg,1748931616.0,1748931616.0,0
2025-06-03 00:30:00,2025-06-03T003000_smart3-01381.ghg,1748933417.0,1748933417.0,0
2025-06-03 01:00:00,2025-06-03T010000_smart3-01381.ghg,1748935209.0,1748935209.0,0
2025-06-03 01:30:00,2025-06-03T013000_smart3-01381.ghg,1748937011.0,1748937012.0,1
2025-06-03 02:00:00,2025-06-03T020000_smart3-01381.ghg,1748938813.0,1748938813.0,0
2025-06-03 02:30:00,2025-06-03T023000_smart3-01381.ghg,1748940616.0,1748940616.0,0
2025-06-03 03:00:00,2025-06-03T030000_smart3-01381.ghg,1748942418.0,1748942418.0,0
2025-06-03 03:30:00,2025-06-03T033000_smart3-01381.ghg,1748944209.0,1748944209.0,0
2025-06-03 04:00:00,2025-06-03T040000_smart3-01381.ghg,1748946011.0,1748946011.0,0
2025-06-03 04:30:00,2025-06-03T043000_smart3-01381.ghg,1748947813.0,1748947814.0,1
2025-06-03 05:00:00,2025-06-03T050000_smart3-01381.ghg,1748949616.0,1748949616.0,0
2025-06-03 05:30:00,2025-06-03T053000_smart3-01381.ghg,1748951418.0,1748951418.0,0
2025-06-03 06:00:00,2025-06-03T060000_smart3-01381.ghg,1748953210.0,1748953210.0,0
2025-06-03 06:30:00,2025-06-03T063000_smart3-01381.ghg,1748955012.0,1748955012.0,0
2025-06-03 07:00:00,2025-06-03T070000_smart3-01381.ghg,1748956814.0,1748956814.0,0
2025-06-03 07:30:00,2025-06-03T073000_smart3-01381.ghg,1748958615.0,1748958616.0,1
2025-06-03 08:00:00,2025-06-03T080000_smart3-01381.ghg,1748960419.0,1748960419.0,0
2025-06-03 08:30:00,2025-06-03T083000_smart3-01381.ghg,1748962212.0,1748962212.0,0
2025-06-03 09:00:00,2025-06-03T090000_smart3-01381.ghg,1748964012.0,1748964012.0,0
2025-06-03 09:30:00,2025-06-03T093000_smart3-01381.ghg,1748965815.0,1748965815.0,0
2025-06-03 10:00:00,2025-06-03T100000_smart3-01381.ghg,1748967616.0,1748967616.0,0
2025-06-03 10:30:00,2025-06-03T103000_smart3-01381.ghg,1748969420.0,1748969420.0,0
2025-06-03 11:00:00,2025-06-03T110000_smart3-01381.ghg,1748971211.0,1748971211.0,0
2025-06-03 11:30:00,2025-06-03T113000_smart3-01381.ghg,1748973013.0,1748973013.0,0
2025-06-03 12:00:00,2025-06-03T120000_smart3-01381.ghg,1748974815.0,1748974815.0,0
2025-06-03 12:30:00,2025-06-03T123000_smart3-01381.ghg,1748976617.0,1748976617.0,0
2025-06-03 13:00:00,2025-06-03T130000_smart3-01381.ghg,1748978409.0,1748978410.0,1
2025-06-03 13:30:00,2025-06-03T133000_smart3-01381.ghg,1748980212.0,1748980212.0,0
2025-06-03 14:00:00,2025-06-03T140000_smart3-01381.ghg,1748982013.0,1748982013.0,0
2025-06-03 14:30:00,2025-06-03T143000_smart3-01381.ghg,1748983817.0,1748983817.0,0
2025-06-03 15:00:00,2025-06-03T150000_smart3-01381.ghg,1748985613.0,1748985613.0,0
2025-06-03 15:30:00,2025-06-03T153000_smart3-01381.ghg,1748987410.0,1748987410.0,0
2025-06-03 16:00:00,2025-06-03T160000_smart3-01381.ghg,1748989212.0,1748989212.0,0
2025-06-03 16:30:00,2025-06-03T163000_smart3-01381.ghg,1748991014.0,1748991014.0,0
2025-06-03 17:00:00,2025-06-03T170000_smart3-01381.ghg,1748992816.0,1748992817.0,1
2025-06-03 17:30:00,2025-06-03T173000_smart3-01381.ghg,1748994618.0,1748994618.0,0
2025-06-03 18:00:00,2025-06-03T180000_smart3-01381.ghg,1748996410.0,1748996410.0,0
2025-06-03 18:30:00,2025-06-03T183000_smart3-01381.ghg,1748998213.0,1748998213.0,0
2025-06-03 19:00:00,2025-06-03T190000_smart3-01381.ghg,1749000014.0,1749000014.0,0
2025-06-03 19:30:00,2025-06-03T193000_smart3-01381.ghg,1749001816.0,1749001816.0,0
2025-06-03 20:00:00,2025-06-03T200000_smart3-01381.ghg,1749003618.0,1749003618.0,0
2025-06-03 20:30:00,2025-06-03T203000_smart3-01381.ghg,1749005409.0,1749005409.0,0
2025-06-03 21:00:00,2025-06-03T210000_smart3-01381.ghg,1749007213.0,1749007213.0,0
2025-06-03 21:30:00,2025-06-03T213000_smart3-01381.ghg,1749009014.0,1749009014.0,0
2025-06-03 22:00:00,2025-06-03T220000_smart3-01381.ghg,1749010817.0,1749010817.0,0
2025-06-03 22:30:00,2025-06-03T223000_smart3-01381.ghg,1749012618.0,1749012618.0,0
2025-06-03 23:00:00,2025-06-03T230000_smart3-01381.ghg,1749014411.0,1749014411.0,0
2025-06-03 23:30:00,2025-06-03T233000_smart3-01381.ghg,1749016213.0,1749016213.0,0
2025-06-04 00:00:00,2025-06-04T000000_smart3-01381.ghg,1749018015.0,1749018015.0,0
2025-06-04 00:30:00,2025-06-04T003000_smart3-01381.ghg,1749019817.0,1749019818.0,1
2025-06-04 01:00:00,2025-06-04T010000_smart3-01381.ghg,1749021609.0,1749021609.0,0
2025-06-04 01:30:00,2025-06-04T013000_smart3-01381.ghg,1749023411.0,1749023411.0,0
2025-06-04 02:00:00,2025-06-04T020000_smart3-01381.ghg,1749025214.0,1749025214.0,0
2025-06-04 02:30:00,2025-06-04T023000_smart3-01381.ghg,1749027016.0,1749027016.0,0
2025-06-04 03:00:00,2025-06-04T030000_smart3-01381.ghg,1749028818.0,1749028818.0,0
2025-06-04 03:30:00,2025-06-04T033000_smart3-01381.ghg,1749030610.0,1749030610.0,0
2025-06-04 04:00:00,2025-06-04T040000_smart3-01381.ghg,1749032412.0,1749032413.0,1
2025-06-04 04:30:00,2025-06-04T043000_smart3-01381.ghg,1749034214.0,1749034215.0,1
2025-06-04 05:00:00,2025-06-04T050000_smart3-01381.ghg,1749036016.0,1749036017.0,1
2025-06-04 05:30:00,2025-06-04T053000_smart3-01381.ghg,1749037819.0,1749037819.0,0
2025-06-04 06:00:00,2025-06-04T060000_smart3-01381.ghg,1749039611.0,1749039611.0,0
2025-06-04 06:30:00,2025-06-04T063000_smart3-01381.ghg,1749041412.0,1749041413.0,1
2025-06-04 07:00:00,2025-06-04T070000_smart3-01381.ghg,1749043215.0,1749043215.0,0
2025-06-04 07:30:00,2025-06-04T073000_smart3-01381.ghg,1749045017.0,1749045017.0,0
2025-06-04 08:00:00,2025-06-04T080000_smart3-01381.ghg,1749046819.0,1749046819.0,0
2025-06-04 08:30:00,2025-06-04T083000_smart3-01381.ghg,1749048611.0,1749048611.0,0
2025-06-04 09:00:00,2025-06-04T090000_smart3-01381.ghg,1749050412.0,1749050412.0,0
2025-06-04 09:30:00,2025-06-04T093000_smart3-01381.ghg,1749052215.0,1749052215.0,0
2025-06-04 10:00:00,2025-06-04T100000_smart3-01381.ghg,1749054017.0,1749054018.0,1
2025-06-04 10:30:00,2025-06-04T103000_smart3-01381.ghg,1749055809.0,1749055810.0,1
2025-06-04 11:00:00,2025-06-04T110000_smart3-01381.ghg,1749057611.0,1749057611.0,0
2025-06-04 11:30:00,2025-06-04T113000_smart3-01381.ghg,1749059413.0,1749059413.0,0
2025-06-04 12:00:00,2025-06-04T120000_smart3-01381.ghg,1749061216.0,1749061216.0,0
2025-06-04 12:30:00,2025-06-04T123000_smart3-01381.ghg,1749063018.0,1749063018.0,0
2025-06-04 13:00:00,2025-06-04T130000_smart3-01381.ghg,1749064810.0,1749064810.0,0
2025-06-04 13:30:00,2025-06-04T133000_smart3-01381.ghg,1749066611.0,1749066612.0,1
2025-06-04 14:00:00,2025-06-04T140000_smart3-01381.ghg,1749068414.0,1749068415.0,1
2025-06-04 14:30:00,2025-06-04T143000_smart3-01381.ghg,1749070217.0,1749070217.0,0
2025-06-04 15:00:00,2025-06-04T150000_smart3-01381.ghg,1749072019.0,1749072019.0,0
2025-06-04 15:30:00,2025-06-04T153000_smart3-01381.ghg,1749073811.0,1749073811.0,0
2025-06-04 16:00:00,2025-06-04T160000_smart3-01381.ghg,1749075612.0,1749075613.0,1
2025-06-04 16:30:00,2025-06-04T163000_smart3-01381.ghg,1749077415.0,1749077415.0,0
2025-06-04 17:00:00,2025-06-04T170000_smart3-01381.ghg,1749079218.0,1749079218.0,0
2025-06-04 17:30:00,2025-06-04T173000_smart3-01381.ghg,1749081010.0,1749081010.0,0
2025-06-04 18:00:00,2025-06-04T180000_smart3-01381.ghg,1749082811.0,1749082811.0,0
2025-06-04 18:30:00,2025-06-04T183000_smart3-01381.ghg,1749084614.0,1749084614.0,0
2025-06-04 19:00:00,2025-06-04T190000_smart3-01381.ghg,1749086416.0,1749086416.0,0
2025-06-04 19:30:00,2025-06-04T193000_smart3-01381.ghg,1749088219.0,1749088219.0,0
2025-06-04 20:00:00,2025-06-04T200000_smart3-01381.ghg,1749090010.0,1749090010.0,0
2025-06-04 20:30:00,2025-06-04T203000_smart3-01381.ghg,1749091812.0,1749091812.0,0
2025-06-04 21:00:00,2025-06-04T210000_smart3-01381.ghg,1749093614.0,1749093614.0,0
2025-06-04 21:30:00,2025-06-04T213000_smart3-01381.ghg,1749095417.0,1749095417.0,0
2025-06-04 22:00:00,2025-06-04T220000_smart3-01381.ghg,1749097219.0,1749097219.0,0
2025-06-04 22:30:00,2025-06-04T223000_smart3-01381.ghg,1749099010.0,1749099010.0,0
2025-06-04 23:00:00,2025-06-04T230000_smart3-01381.ghg,1749100813.0,1749100813.0,0
2025-06-04 23:30:00,2025-06-04T233000_smart3-01381.ghg,1749102615.0,1749102615.0,0
2025-06-05 00:00:00,2025-06-05T000000_smart3-01381.ghg,1749104417.0,1749104417.0,0
2025-06-05 00:30:00,2025-06-05T003000_smart3-01381.ghg,1749106209.0,1749106209.0,0
2025-06-05 01:00:00,2025-06-05T010000_smart3-01381.ghg,1749108011.0,1749108012.0,1
2025-06-05 01:30:00,2025-06-05T013000_smart3-01381.ghg,1749109815.0,1749109815.0,0
2025-06-05 02:00:00,2025-06-05T020000_smart3-01381.ghg,1749111616.0,1749111616.0,0
2025-06-05 02:30:00,2025-06-05T023000_smart3-01381.ghg,1749113417.0,1749113418.0,1
2025-06-05 03:00:00,2025-06-05T030000_smart3-01381.ghg,1749115209.0,1749115210.0,1
2025-06-05 03:30:00,2025-06-05T033000_smart3-01381.ghg,1749117012.0,1749117012.0,0
2025-06-05 04:00:00,2025-06-05T040000_smart3-01381.ghg,1749118815.0,1749118815.0,0
2025-06-05 04:30:00,2025-06-05T043000_smart3-01381.ghg,1749120616.0,1749120616.0,0
2025-06-05 05:00:00,2025-06-05T050000_smart3-01381.ghg,1749122419.0,1749122419.0,0
2025-06-05 05:30:00,2025-06-05T053000_smart3-01381.ghg,1749124211.0,1749124211.0,0
2025-06-05 06:00:00,2025-06-05T060000_smart3-01381.ghg,1749126013.0,1749126013.0,0
2025-06-05 06:30:00,2025-06-05T063000_smart3-01381.ghg,1749127814.0,1749127814.0,0
2025-06-05 07:00:00,2025-06-05T070000_smart3-01381.ghg,1749129618.0,1749129618.0,0
2025-06-05 07:30:00,2025-06-05T073000_smart3-01381.ghg,1749131419.0,1749131419.0,0
2025-06-05 08:00:00,2025-06-05T080000_smart3-01381.ghg,1749133211.0,1749133211.0,0
2025-06-05 08:30:00,2025-06-05T083000_smart3-01381.ghg,1749135013.0,1749135013.0,0
2025-06-05 09:00:00,2025-06-05T090000_smart3-01381.ghg,1749136815.0,1749136815.0,0
2025-06-05 09:30:00,2025-06-05T093000_smart3-01381.ghg,1749138617.0,1749138617.0,0
2025-06-05 10:00:00,2025-06-05T100000_smart3-01381.ghg,1749140409.0,1749140409.0,0
2025-06-05 10:30:00,2025-06-05T103000_smart3-01381.ghg,1749142211.0,1749142211.0,0
2025-06-05 11:00:00,2025-06-05T110000_smart3-01381.ghg,1749144014.0,1749144014.0,0
2025-06-05 11:30:00,2025-06-05T113000_smart3-01381.ghg,1749145816.0,1749145816.0,0
2025-06-05 12:00:00,2025-06-05T120000_smart3-01381.ghg,1749147618.0,1749147618.0,0
2025-06-05 12:30:00,2025-06-05T123000_smart3-01381.ghg,1749149411.0,1749149411.0,0
2025-06-05 13:00:00,2025-06-05T130000_smart3-01381.ghg,1749151212.0,1749151212.0,0
2025-06-05 13:30:00,2025-06-05T133000_smart3-01381.ghg,1749153015.0,1749153015.0,0
2025-06-05 14:00:00,2025-06-05T140000_smart3-01381.ghg,1749154817.0,1749154817.0,0
2025-06-05 14:30:00,2025-06-05T143000_smart3-01381.ghg,1749156609.0,1749156609.0,0
2025-06-05 15:00:00,2025-06-05T150000_smart3-01381.ghg,1749158411.0,1749158412.0,1
2025-06-05 15:30:00,2025-06-05T153000_smart3-01381.ghg,1749160213.0,1749160213.0,0
2025-06-05 16:00:00,2025-06-05T160000_smart3-01381.ghg,1749162016.0,1749162016.0,0
2025-06-05 16:30:00,2025-06-05T163000_smart3-01381.ghg,1749163818.0,1749163818.0,0
2025-06-05 17:00:00,2025-06-05T170000_smart3-01381.ghg,1749165610.0,1749165610.0,0
2025-06-05 17:30:00,2025-06-05T173000_smart3-01381.ghg,1749167412.0,1749167412.0,0
2025-06-05 18:00:00,2025-06-05T180000_smart3-01381.ghg,1749169214.0,1749169214.0,0
2025-06-05 18:30:00,2025-06-05T183000_smart3-01381.ghg,1749171016.0,1749171016.0,0
2025-06-05 19:00:00,2025-06-05T190000_smart3-01381.ghg,1749172818.0,1749172819.0,1
2025-06-05 19:30:00,2025-06-05T193000_smart3-01381.ghg,1749174611.0,1749174611.0,0
2025-06-05 20:00:00,2025-06-05T200000_smart3-01381.ghg,1749176412.0,1749176412.0,0
2025-06-05 20:30:00,2025-06-05T203000_smart3-01381.ghg,1749178215.0,1749178215.0,0
2025-06-05 21:00:00,2025-06-05T210000_smart3-01381.ghg,1749180017.0,1749180017.0,0
2025-06-05 21:30:00,2025-06-05T213000_smart3-01381.ghg,1749181810.0,1749181810.0,0
2025-06-05 22:00:00,2025-06-05T220000_smart3-01381.ghg,1749183611.0,1749183612.0,1
2025-06-05 22:30:00,2025-06-05T223000_smart3-01381.ghg,1749185413.0,1749185413.0,0
2025-06-05 23:00:00,2025-06-05T230000_smart3-01381.ghg,1749187215.0,1749187216.0,1
2025-06-05 23:30:00,2025-06-05T233000_smart3-01381.ghg,1749189017.0,1749189018.0,1
2025-06-06 00:00:00,2025-06-06T000000_smart3-01381.ghg,1749190809.0,1749190809.0,0
2025-06-06 00:30:00,2025-06-06T003000_smart3-01381.ghg,1749192612.0,1749192612.0,0
2025-06-06 01:00:00,2025-06-06T010000_smart3-01381.ghg,1749194414.0,1749194414.0,0
2025-06-06 01:30:00,2025-06-06T013000_smart3-01381.ghg,1749196216.0,1749196216.0,0
2025-06-06 02:00:00,2025-06-06T020000_smart3-01381.ghg,1749198018.0,1749198018.0,0
2025-06-06 02:30:00,2025-06-06T023000_smart3-01381.ghg,1749199810.0,1749199810.0,0
2025-06-06 03:00:00,2025-06-06T030000_smart3-01381.ghg,1749201612.0,1749201612.0,0
2025-06-06 03:30:00,2025-06-06T033000_smart3-01381.ghg,1749203415.0,1749203415.0,0
2025-06-06 04:00:00,2025-06-06T040000_smart3-01381.ghg,1749205213.0,1749205214.0,1
2025-06-06 04:30:00,2025-06-06T043000_smart3-01381.ghg,1749207009.0,1749207009.0,0
2025-06-06 05:00:00,2025-06-06T050000_smart3-01381.ghg,1749208811.0,1749208811.0,0
2025-06-06 05:30:00,2025-06-06T053000_smart3-01381.ghg,1749210613.0,1749210613.0,0
2025-06-06 06:00:00,2025-06-06T060000_smart3-01381.ghg,1749212415.0,1749212416.0,1
2025-06-06 06:30:00,2025-06-06T063000_smart3-01381.ghg,1749214218.0,1749214218.0,0
2025-06-06 07:00:00,2025-06-06T070000_smart3-01381.ghg,1749216010.0,1749216010.0,0
2025-06-06 07:30:00,2025-06-06T073000_smart3-01381.ghg,1749217811.0,1749217811.0,0
2025-06-06 08:00:00,2025-06-06T080000_smart3-01381.ghg,1749219614.0,1749219614.0,0
2025-06-06 08:30:00,2025-06-06T083000_smart3-01381.ghg,1749221417.0,1749221417.0,0
2025-06-06 09:00:00,2025-06-06T090000_smart3-01381.ghg,1749223219.0,1749223219.0,0
2025-06-06 09:30:00,2025-06-06T093000_smart3-01381.ghg,1749225010.0,1749225010.0,0
2025-06-06 10:00:00,2025-06-06T100000_smart3-01381.ghg,1749226813.0,1749226813.0,0
2025-06-06 10:30:00,2025-06-06T103000_smart3-01381.ghg,1749228616.0,1749228616.0,0
2025-06-06 11:00:00,2025-06-06T110000_smart3-01381.ghg,1749230418.0,1749230418.0,0
2025-06-06 11:30:00,2025-06-06T113000_smart3-01381.ghg,1749232210.0,1749232210.0,0
2025-08-01 00:00:00,2025-08-01T000000_smart3-01381.ghg,1754029212.0,1754029212.0,0
2025-08-01 00:30:00,2025-08-01T003000_smart3-01381.ghg,1754031016.0,1754031016.0,0
2025-08-01 01:00:00,2025-08-01T010000_smart3-01381.ghg,1754032819.0,1754032819.0,0
2025-08-01 01:30:00,2025-08-01T013000_smart3-01381.ghg,1754034610.0,1754034610.0,0
2025-08-01 02:00:00,2025-08-01T020000_smart3-01381.ghg,1754036413.0,1754036413.0,0
2025-08-01 02:30:00,2025-08-01T023000_smart3-01381.ghg,1754038216.0,1754038216.0,0
2025-08-01 03:00:00,2025-08-01T030000_smart3-01381.ghg,1754040019.0,1754040019.0,0
2025-08-01 03:30:00,2025-08-01T033000_smart3-01381.ghg,1754041811.0,1754041811.0,0
2025-08-01 04:00:00,2025-08-01T040000_smart3-01381.ghg,1754043613.0,1754043614.0,1
2025-08-01 04:30:00,2025-08-01T043000_smart3-01381.ghg,1754045418.0,1754045418.0,0
2025-08-01 05:00:00,2025-08-01T050000_smart3-01381.ghg,1754047210.0,1754047210.0,0
2025-08-01 05:30:00,2025-08-01T053000_smart3-01381.ghg,1754049012.0,1754049013.0,1
2025-08-01 06:00:00,2025-08-01T060000_smart3-01381.ghg,1754050816.0,1754050816.0,0
2025-08-01 06:30:00,2025-08-01T063000_smart3-01381.ghg,1754052619.0,1754052619.0,0
2025-08-01 07:00:00,2025-08-01T070000_smart3-01381.ghg,1754054411.0,1754054411.0,0
2025-08-01 07:30:00,2025-08-01T073000_smart3-01381.ghg,1754056215.0,1754056215.0,0
2025-08-01 08:00:00,2025-08-01T080000_smart3-01381.ghg,1754058016.0,1754058016.0,0
2025-08-01 08:30:00,2025-08-01T083000_smart3-01381.ghg,1754059811.0,1754059811.0,0
2025-08-01 09:00:00,2025-08-01T090000_smart3-01381.ghg,1754061612.0,1754061612.0,0
2025-08-01 09:30:00,2025-08-01T093000_smart3-01381.ghg,1754063415.0,1754063415.0,0
2025-08-01 10:00:00,2025-08-01T100000_smart3-01381.ghg,1754065217.0,1754065217.0,0
2025-08-01 10:30:00,2025-08-01T103000_smart3-01381.ghg,1754067010.0,1754067011.0,1
2025-08-01 11:00:00,2025-08-01T110000_smart3-01381.ghg,1754068814.0,1754068814.0,0
2025-08-01 11:30:00,2025-08-01T113000_smart3-01381.ghg,1754070617.0,1754070617.0,0
2025-08-01 12:00:00,2025-08-01T120000_smart3-01381.ghg,1754072409.0,1754072410.0,1
2025-08-01 12:30:00,2025-08-01T123000_smart3-01381.ghg,1754074213.0,1754074213.0,0
2025-08-01 13:00:00,2025-08-01T130000_smart3-01381.ghg,1754076015.0,1754076015.0,0
2025-08-01 13:30:00,2025-08-01T133000_smart3-01381.ghg,1754077818.0,1754077818.0,0
2025-08-01 14:00:00,2025-08-01T140000_smart3-01381.ghg,1754079611.0,1754079611.0,0
2025-08-01 14:30:00,2025-08-01T143000_smart3-01381.ghg,1754081413.0,1754081413.0,0
2025-08-01 15:00:00,2025-08-01T150000_smart3-01381.ghg,1754083216.0,1754083216.0,0
2025-08-01 15:30:00,2025-08-01T153000_smart3-01381.ghg,1754085018.0,1754085018.0,0
2025-08-01 16:00:00,2025-08-01T160000_smart3-01381.ghg,1754086811.0,1754086811.0,0
2025-08-01 16:30:00,2025-08-01T163000_smart3-01381.ghg,1754088614.0,1754088614.0,0
2025-08-01 17:00:00,2025-08-01T170000_smart3-01381.ghg,1754090417.0,1754090417.0,0
2025-08-01 17:30:00,2025-08-01T173000_smart3-01381.ghg,1754092210.0,1754092210.0,0
2025-08-01 18:00:00,2025-08-01T180000_smart3-01381.ghg,1754094012.0,1754094013.0,1
2025-08-01 18:30:00,2025-08-01T183000_smart3-01381.ghg,1754095815.0,1754095815.0,0
2025-08-01 19:00:00,2025-08-01T190000_smart3-01381.ghg,1754097618.0,1754097618.0,0
2025-08-01 19:30:00,2025-08-01T193000_smart3-01381.ghg,1754099410.0,1754099411.0,1
2025-08-01 20:00:00,2025-08-01T200000_smart3-01381.ghg,1754101214.0,1754101214.0,0
2025-08-01 20:30:00,2025-08-01T203000_smart3-01381.ghg,1754103016.0,1754103017.0,1
2025-08-01 21:00:00,2025-08-01T210000_smart3-01381.ghg,1754104819.0,1754104819.0,0
2025-08-01 21:30:00,2025-08-01T213000_smart3-01381.ghg,1754106612.0,1754106612.0,0
2025-08-01 22:00:00,2025-08-01T220000_smart3-01381.ghg,1754108415.0,1754108415.0,0
2025-08-01 22:30:00,2025-08-01T223000_smart3-01381.ghg,1754110217.0,1754110218.0,1
2025-08-01 23:00:00,2025-08-01T230000_smart3-01381.ghg,1754112010.0,1754112010.0,0
2025-08-01 23:30:00,2025-08-01T233000_smart3-01381.ghg,1754113813.0,1754113813.0,0
2025-08-02 00:00:00,2025-08-02T000000_smart3-01381.ghg,1754115616.0,1754115616.0,0
2025-08-02 00:30:00,2025-08-02T003000_smart3-01381.ghg,1754117418.0,1754117418.0,0
2025-08-02 01:00:00,2025-08-02T010000_smart3-01381.ghg,1754119211.0,1754119212.0,1
2025-08-02 01:30:00,2025-08-02T013000_smart3-01381.ghg,1754121014.0,1754121014.0,0
2025-08-02 02:00:00,2025-08-02T020000_smart3-01381.ghg,1754122817.0,1754122817.0,0
2025-08-02 02:30:00,2025-08-02T023000_smart3-01381.ghg,1754124620.0,1754124620.0,0
2025-08-02 03:00:00,2025-08-02T030000_smart3-01381.ghg,1754126411.0,1754126412.0,1
2025-08-02 03:30:00,2025-08-02T033000_smart3-01381.ghg,1754128214.0,1754128215.0,1
2025-08-02 04:00:00,2025-08-02T040000_smart3-01381.ghg,1754130017.0,1754130018.0,1
2025-08-02 04:30:00,2025-08-02T043000_smart3-01381.ghg,1754131811.0,1754131811.0,0
2025-08-02 05:00:00,2025-08-02T050000_smart3-01381.ghg,1754133613.0,1754133613.0,0
2025-08-02 05:30:00,2025-08-02T053000_smart3-01381.ghg,1754135416.0,1754135416.0,0
2025-08-02 06:00:00,2025-08-02T060000_smart3-01381.ghg,1754137218.0,1754137219.0,1
2025-08-02 06:30:00,2025-08-02T063000_smart3-01381.ghg,1754139012.0,1754139012.0,0
2025-08-02 07:00:00,2025-08-02T070000_smart3-01381.ghg,1754140815.0,1754140815.0,0
2025-08-02 07:30:00,2025-08-02T073000_smart3-01381.ghg,1754142617.0,1754142618.0,1
2025-08-02 08:00:00,2025-08-02T080000_smart3-01381.ghg,1754144410.0,1754144410.0,0
2025-08-02 08:30:00,2025-08-02T083000_smart3-01381.ghg,1754146213.0,1754146213.0,0
2025-08-02 09:00:00,2025-08-02T090000_smart3-01381.ghg,1754148015.0,1754148015.0,0
2025-08-02 09:30:00,2025-08-02T093000_smart3-01381.ghg,1754149818.0,1754149818.0,0
2025-08-02 10:00:00,2025-08-02T100000_smart3-01381.ghg,1754151610.0,1754151610.0,0
2025-08-02 10:30:00,2025-08-02T103000_smart3-01381.ghg,1754153413.0,1754153413.0,0
2025-08-02 11:00:00,2025-08-02T110000_smart3-01381.ghg,1754155216.0,1754155216.0,0
2025-08-02 11:30:00,2025-08-02T113000_smart3-01381.ghg,1754157018.0,1754157019.0,1
2025-08-02 12:00:00,2025-08-02T120000_smart3-01381.ghg,1754158811.0,1754158811.0,0
2025-08-02 12:30:00,2025-08-02T123000_smart3-01381.ghg,1754160615.0,1754160615.0,0
2025-08-02 13:00:00,2025-08-02T130000_smart3-01381.ghg,1754162417.0,1754162417.0,0
2025-08-02 13:30:00,2025-08-02T133000_smart3-01381.ghg,1754164210.0,1754164210.0,0
2025-08-02 14:00:00,2025-08-02T140000_smart3-01381.ghg,1754166013.0,1754166013.0,0
2025-08-02 14:30:00,2025-08-02T143000_smart3-01381.ghg,1754167816.0,1754167816.0,0
2025-08-02 15:00:00,2025-08-02T150000_smart3-01381.ghg,1754169619.0,1754169619.0,0
2025-08-02 15:30:00,2025-08-02T153000_smart3-01381.ghg,1754171411.0,1754171412.0,1
2025-08-02 16:00:00,2025-08-02T160000_smart3-01381.ghg,1754173214.0,1754173214.0,0
2025-08-02 16:30:00,2025-08-02T163000_smart3-01381.ghg,1754175017.0,1754175017.0,0
2025-08-02 17:00:00,2025-08-02T170000_smart3-01381.ghg,1754176809.0,1754176809.0,0
2025-08-02 17:30:00,2025-08-02T173000_smart3-01381.ghg,1754178612.0,1754178612.0,0
2025-08-02 18:00:00,2025-08-02T180000_smart3-01381.ghg,1754180415.0,1754180415.0,0
2025-08-02 18:30:00,2025-08-02T183000_smart3-01381.ghg,1754182217.0,1754182217.0,0
2025-08-02 19:00:00,2025-08-02T190000_smart3-01381.ghg,1754184011.0,1754184011.0,0
2025-08-02 19:30:00,2025-08-02T193000_smart3-01381.ghg,1754185813.0,1754185813.0,0
2025-08-02 20:00:00,2025-08-02T200000_smart3-01381.ghg,1754187616.0,1754187616.0,0
2025-08-02 20:30:00,2025-08-02T203000_smart3-01381.ghg,1754189418.0,1754189418.0,0
2025-08-02 21:00:00,2025-08-02T210000_smart3-01381.ghg,1754191212.0,1754191212.0,0
2025-08-02 21:30:00,2025-08-02T213000_smart3-01381.ghg,1754193014.0,1754193015.0,1
2025-08-02 22:00:00,2025-08-02T220000_smart3-01381.ghg,1754194817.0,1754194817.0,0
2025-08-02 22:30:00,2025-08-02T223000_smart3-01381.ghg,1754196610.0,1754196611.0,1
2025-08-02 23:00:00,2025-08-02T230000_smart3-01381.ghg,1754198412.0,1754198412.0,0
2025-08-02 23:58:35,2025-08-02T235835_smart3-01381.ghg,1754200732.0,1754200732.0,0
2025-08-03 00:00:00,2025-08-03T000000_smart3-01381.ghg,1754202010.0,1754202010.0,0
2025-08-03 00:30:00,2025-08-03T003000_smart3-01381.ghg,1754203809.0,1754203809.0,0
2025-08-03 01:00:00,2025-08-03T010000_smart3-01381.ghg,1754205609.0,1754205609.0,0
2025-08-03 01:30:00,2025-08-03T013000_smart3-01381.ghg,1754207408.0,1754207409.0,1
2025-08-03 02:00:00,2025-08-03T020000_smart3-01381.ghg,1754209209.0,1754209209.0,0
2025-08-03 02:30:00,2025-08-03T023000_smart3-01381.ghg,1754211009.0,1754211009.0,0
2025-08-03 03:00:00,2025-08-03T030000_smart3-01381.ghg,1754212809.0,1754212809.0,0
2025-08-03 03:30:00,2025-08-03T033000_smart3-01381.ghg,1754214609.0,1754214610.0,1
2025-08-03 04:00:00,2025-08-03T040000_smart3-01381.ghg,1754216409.0,1754216409.0,0
2025-08-03 04:30:00,2025-08-03T043000_smart3-01381.ghg,1754218209.0,1754218210.0,1
2025-08-03 05:00:00,2025-08-03T050000_smart3-01381.ghg,1754220009.0,1754220009.0,0
2025-08-03 05:30:00,2025-08-03T053000_smart3-01381.ghg,1754221809.0,1754221809.0,0
2025-08-03 06:00:00,2025-08-03T060000_smart3-01381.ghg,1754223609.0,1754223610.0,1
2025-08-03 06:30:00,2025-08-03T063000_smart3-01381.ghg,1754225408.0,1754225409.0,1
2025-08-03 07:00:00,2025-08-03T070000_smart3-01381.ghg,1754227209.0,1754227209.0,0
2025-08-03 07:30:00,2025-08-03T073000_smart3-01381.ghg,1754229009.0,1754229010.0,1
2025-08-03 08:00:00,2025-08-03T080000_smart3-01381.ghg,1754230809.0,1754230809.0,0
2025-08-03 08:30:00,2025-08-03T083000_smart3-01381.ghg,1754232609.0,1754232609.0,0
2025-08-03 09:00:00,2025-08-03T090000_smart3-01381.ghg,1754234409.0,1754234409.0,0
2025-08-03 09:30:00,2025-08-03T093000_smart3-01381.ghg,1754236209.0,1754236209.0,0
2025-08-03 10:00:00,2025-08-03T100000_smart3-01381.ghg,1754238009.0,1754238009.0,0
2025-08-03 10:30:00,2025-08-03T103000_smart3-01381.ghg,1754239809.0,1754239809.0,0
2025-08-03 11:00:00,2025-08-03T110000_smart3-01381.ghg,1754241609.0,1754241610.0,1
2025-08-03 11:30:00,2025-08-03T113000_smart3-01381.ghg,1754243409.0,1754243409.0,0
2025-08-03 12:00:00,2025-08-03T120000_smart3-01381.ghg,1754245209.0,1754245210.0,1
2025-08-03 12:30:00,2025-08-03T123000_smart3-01381.ghg,1754247009.0,1754247009.0,0
2025-08-03 13:00:00,2025-08-03T130000_smart3-01381.ghg,1754248809.0,1754248809.0,0
2025-08-03 13:30:00,2025-08-03T133000_smart3-01381.ghg,1754250609.0,1754250609.0,0
2025-08-03 14:00:00,2025-08-03T140000_smart3-01381.ghg,1754252409.0,1754252409.0,0
2025-08-03 14:30:00,2025-08-03T143000_smart3-01381.ghg,1754254208.0,1754254209.0,1
2025-08-03 15:00:00,2025-08-03T150000_smart3-01381.ghg,1754256009.0,1754256010.0,1
2025-08-03 15:30:00,2025-08-03T153000_smart3-01381.ghg,1754257809.0,1754257809.0,0
2025-08-03 16:00:00,2025-08-03T160000_smart3-01381.ghg,1754259609.0,1754259610.0,1
2025-08-03 16:30:00,2025-08-03T163000_smart3-01381.ghg,1754261409.0,1754261410.0,1
2025-08-03 17:00:00,2025-08-03T170000_smart3-01381.ghg,1754263210.0,1754263210.0,0
2025-08-03 17:30:00,2025-08-03T173000_smart3-01381.ghg,1754265010.0,1754265010.0,0
2025-08-03 18:00:00,2025-08-03T180000_smart3-01381.ghg,1754266809.0,1754266809.0,0
2025-08-03 18:30:00,2025-08-03T183000_smart3-01381.ghg,1754268610.0,1754268610.0,0
2025-08-03 19:00:00,2025-08-03T190000_smart3-01381.ghg,1754270409.0,1754270409.0,0
2025-08-03 19:30:00,2025-08-03T193000_smart3-01381.ghg,1754272209.0,1754272209.0,0
2025-08-03 20:00:00,2025-08-03T200000_smart3-01381.ghg,1754274009.0,1754274009.0,0
2025-08-03 20:30:00,2025-08-03T203000_smart3-01381.ghg,1754275810.0,1754275810.0,0
2025-08-03 21:00:00,2025-08-03T210000_smart3-01381.ghg,1754277610.0,1754277610.0,0
2025-08-03 21:30:00,2025-08-03T213000_smart3-01381.ghg,1754279409.0,1754279409.0,0
2025-08-03 22:00:00,2025-08-03T220000_smart3-01381.ghg,1754281209.0,1754281209.0,0
2025-08-03 22:30:00,2025-08-03T223000_smart3-01381.ghg,1754283009.0,1754283010.0,1
2025-08-03 23:00:00,2025-08-03T230000_smart3-01381.ghg,1754284810.0,1754284810.0,0
2025-08-03 23:30:00,2025-08-03T233000_smart3-01381.ghg,1754286609.0,1754286609.0,0
2025-08-04 00:00:00,2025-08-04T000000_smart3-01381.ghg,1754288409.0,1754288409.0,0
2025-08-04 00:30:00,2025-08-04T003000_smart3-01381.ghg,1754290209.0,1754290209.0,0
2025-08-04 01:00:00,2025-08-04T010000_smart3-01381.ghg,1754292009.0,1754292009.0,0
2025-08-04 01:30:00,2025-08-04T013000_smart3-01381.ghg,1754293809.0,1754293809.0,0
2025-08-04 02:00:00,2025-08-04T020000_smart3-01381.ghg,1754295609.0,1754295610.0,1
2025-08-04 02:30:00,2025-08-04T023000_smart3-01381.ghg,1754297410.0,1754297410.0,0
2025-08-04 03:00:00,2025-08-04T030000_smart3-01381.ghg,1754299209.0,1754299209.0,0
2025-08-04 03:30:00,2025-08-04T033000_smart3-01381.ghg,1754301009.0,1754301009.0,0
2025-08-04 04:00:00,2025-08-04T040000_smart3-01381.ghg,1754302809.0,1754302809.0,0
2025-08-04 04:30:00,2025-08-04T043000_smart3-01381.ghg,1754304609.0,1754304609.0,0
2025-08-04 05:00:00,2025-08-04T050000_smart3-01381.ghg,1754306409.0,1754306409.0,0
2025-08-04 05:30:00,2025-08-04T053000_smart3-01381.ghg,1754308209.0,1754308210.0,1
2025-08-04 06:00:00,2025-08-04T060000_smart3-01381.ghg,1754310010.0,1754310010.0,0
2025-08-04 06:30:00,2025-08-04T063000_smart3-01381.ghg,1754311810.0,1754311810.0,0
2025-08-04 07:00:00,2025-08-04T070000_smart3-01381.ghg,1754313609.0,1754313609.0,0
2025-08-04 07:30:00,2025-08-04T073000_smart3-01381.ghg,1754315410.0,1754315410.0,0
2025-08-04 08:00:00,2025-08-04T080000_smart3-01381.ghg,1754317209.0,1754317210.0,1
2025-09-01 08:00:00,2025-09-01T080000_smart3-01381.ghg,1756736418.0,1756736419.0,1
2025-09-01 08:30:00,2025-09-01T083000_smart3-01381.ghg,1756738212.0,1756738212.0,0
2025-09-01 09:00:00,2025-09-01T090000_smart3-01381.ghg,1756740014.0,1756740014.0,0
2025-09-01 09:30:00,2025-09-01T093000_smart3-01381.ghg,1756741817.0,1756741817.0,0
2025-09-01 10:00:00,2025-09-01T100000_smart3-01381.ghg,1756743612.0,1756743612.0,0
2025-09-01 10:30:00,2025-09-01T103000_smart3-01381.ghg,1756745413.0,1756745413.0,0
2025-09-01 11:00:00,2025-09-01T110000_smart3-01381.ghg,1756747215.0,1756747215.0,0
2025-09-01 11:30:00,2025-09-01T113000_smart3-01381.ghg,1756749010.0,1756749010.0,0
2025-09-01 12:00:00,2025-09-01T120000_smart3-01381.ghg,1756750813.0,1756750813.0,0
2025-09-01 12:30:00,2025-09-01T123000_smart3-01381.ghg,1756752616.0,1756752616.0,0
2025-09-01 13:00:00,2025-09-01T130000_smart3-01381.ghg,1756754419.0,1756754419.0,0
2025-09-01 13:30:00,2025-09-01T133000_smart3-01381.ghg,1756756212.0,1756756212.0,0
2025-09-01 14:00:00,2025-09-01T140000_smart3-01381.ghg,1756758015.0,1756758015.0,0
2025-09-01 14:30:00,2025-09-01T143000_smart3-01381.ghg,1756759819.0,1756759819.0,0
2025-09-01 15:00:00,2025-09-01T150000_smart3-01381.ghg,1756761611.0,1756761611.0,0
2025-09-01 15:30:00,2025-09-01T153000_smart3-01381.ghg,1756763415.0,1756763415.0,0
2025-09-01 16:00:00,2025-09-01T160000_smart3-01381.ghg,1756765217.0,1756765217.0,0
2025-09-01 16:30:00,2025-09-01T163000_smart3-01381.ghg,1756767011.0,1756767011.0,0
2025-09-01 17:00:00,2025-09-01T170000_smart3-01381.ghg,1756768814.0,1756768814.0,0
2025-09-01 17:30:00,2025-09-01T173000_smart3-01381.ghg,1756770616.0,1756770617.0,1
2025-09-01 18:00:00,2025-09-01T180000_smart3-01381.ghg,1756772419.0,1756772419.0,0
2025-09-01 18:30:00,2025-09-01T183000_smart3-01381.ghg,1756774212.0,1756774212.0,0
2025-09-01 19:00:00,2025-09-01T190000_smart3-01381.ghg,1756776015.0,1756776015.0,0
2025-09-01 19:30:00,2025-09-01T193000_smart3-01381.ghg,1756777819.0,1756777819.0,0
2025-09-01 20:00:00,2025-09-01T200000_smart3-01381.ghg,1756779612.0,1756779612.0,0
2025-09-01 20:30:00,2025-09-01T203000_smart3-01381.ghg,1756781415.0,1756781415.0,0
2025-09-01 21:00:00,2025-09-01T210000_smart3-01381.ghg,1756783217.0,1756783217.0,0
2025-09-01 21:30:00,2025-09-01T213000_smart3-01381.ghg,1756785011.0,1756785011.0,0
2025-09-01 22:00:00,2025-09-01T220000_smart3-01381.ghg,1756786814.0,1756786814.0,0
2025-09-01 22:30:00,2025-09-01T223000_smart3-01381.ghg,1756788617.0,1756788618.0,1
2025-09-01 23:00:00,2025-09-01T230000_smart3-01381.ghg,1756790411.0,1756790411.0,0
2025-09-01 23:30:00,2025-09-01T233000_smart3-01381.ghg,1756792214.0,1756792214.0,0
2025-09-02 00:00:00,2025-09-02T000000_smart3-01381.ghg,1756794017.0,1756794017.0,0
2025-09-02 00:30:00,2025-09-02T003000_smart3-01381.ghg,1756795811.0,1756795811.0,0
2025-09-02 01:00:00,2025-09-02T010000_smart3-01381.ghg,1756797614.0,1756797614.0,0
2025-09-02 01:30:00,2025-09-02T013000_smart3-01381.ghg,1756799417.0,1756799417.0,0
2025-09-02 02:00:00,2025-09-02T020000_smart3-01381.ghg,1756801218.0,1756801218.0,0
2025-09-02 02:30:00,2025-09-02T023000_smart3-01381.ghg,1756803012.0,1756803012.0,0
2025-09-02 03:00:00,2025-09-02T030000_smart3-01381.ghg,1756804815.0,1756804815.0,0
2025-09-02 03:30:00,2025-09-02T033000_smart3-01381.ghg,1756806619.0,1756806619.0,0
2025-09-02 04:00:00,2025-09-02T040000_smart3-01381.ghg,1756808412.0,1756808412.0,0
2025-09-02 04:30:00,2025-09-02T043000_smart3-01381.ghg,1756810215.0,1756810215.0,0
2025-09-02 05:00:00,2025-09-02T050000_smart3-01381.ghg,1756812018.0,1756812018.0,0
2025-09-02 05:30:00,2025-09-02T053000_smart3-01381.ghg,1756813811.0,1756813811.0,0
2025-09-02 06:00:00,2025-09-02T060000_smart3-01381.ghg,1756815615.0,1756815615.0,0
2025-09-02 06:30:00,2025-09-02T063000_smart3-01381.ghg,1756817418.0,1756817418.0,0
2025-09-02 07:00:00,2025-09-02T070000_smart3-01381.ghg,1756819212.0,1756819212.0,0
2025-09-02 07:30:00,2025-09-02T073000_smart3-01381.ghg,1756821014.0,1756821014.0,0
2025-09-02 08:00:00,2025-09-02T080000_smart3-01381.ghg,1756822818.0,1756822818.0,0
2025-09-02 08:30:00,2025-09-02T083000_smart3-01381.ghg,1756824611.0,1756824612.0,1
2025-09-02 09:00:00,2025-09-02T090000_smart3-01381.ghg,1756826414.0,1756826414.0,0
2025-09-02 09:30:00,2025-09-02T093000_smart3-01381.ghg,1756828217.0,1756828217.0,0
2025-09-02 10:00:00,2025-09-02T100000_smart3-01381.ghg,1756830011.0,1756830011.0,0
2025-09-02 10:30:00,2025-09-02T103000_smart3-01381.ghg,1756831814.0,1756831814.0,0
2025-09-02 11:00:00,2025-09-02T110000_smart3-01381.ghg,1756833617.0,1756833617.0,0
2025-09-02 11:30:00,2025-09-02T113000_smart3-01381.ghg,1756835411.0,1756835411.0,0
2025-09-02 12:00:00,2025-09-02T120000_smart3-01381.ghg,1756837213.0,1756837214.0,1
2025-09-02 12:30:00,2025-09-02T123000_smart3-01381.ghg,1756839016.0,1756839016.0,0
2025-09-02 13:00:00,2025-09-02T130000_smart3-01381.ghg,1756840809.0,1756840810.0,1
2025-09-02 13:30:00,2025-09-02T133000_smart3-01381.ghg,1756842612.0,1756842613.0,1
2025-09-02 14:00:00,2025-09-02T140000_smart3-01381.ghg,1756844415.0,1756844416.0,1
2025-09-02 14:30:00,2025-09-02T143000_smart3-01381.ghg,1756846219.0,1756846219.0,0
2025-09-02 15:00:00,2025-09-02T150000_smart3-01381.ghg,1756848012.0,1756848012.0,0
2025-09-02 15:30:00,2025-09-02T153000_smart3-01381.ghg,1756849815.0,1756849816.0,1
2025-09-02 16:00:00,2025-09-02T160000_smart3-01381.ghg,1756851619.0,1756851619.0,0
2025-09-02 16:30:00,2025-09-02T163000_smart3-01381.ghg,1756853413.0,1756853413.0,0
2025-09-02 17:00:00,2025-09-02T170000_smart3-01381.ghg,1756855214.0,1756855214.0,0
2025-09-02 17:30:00,2025-09-02T173000_smart3-01381.ghg,1756857018.0,1756857018.0,0
2025-09-02 18:00:00,2025-09-02T180000_smart3-01381.ghg,1756858811.0,1756858811.0,0
2025-09-02 18:30:00,2025-09-02T183000_smart3-01381.ghg,1756860614.0,1756860614.0,0
2025-09-02 19:00:00,2025-09-02T190000_smart3-01381.ghg,1756862418.0,1756862419.0,1
2025-09-02 19:30:00,2025-09-02T193000_smart3-01381.ghg,1756864210.0,1756864210.0,0
2025-09-02 20:00:00,2025-09-02T200000_smart3-01381.ghg,1756866014.0,1756866014.0,0
2025-09-02 20:30:00,2025-09-02T203000_smart3-01381.ghg,1756867818.0,1756867819.0,1
2025-09-02 21:00:00,2025-09-02T210000_smart3-01381.ghg,1756869609.0,1756869609.0,0
2025-09-02 21:30:00,2025-09-02T213000_smart3-01381.ghg,1756871414.0,1756871414.0,0
2025-09-02 22:00:00,2025-09-02T220000_smart3-01381.ghg,1756873216.0,1756873216.0,0
2025-09-02 22:30:00,2025-09-02T223000_smart3-01381.ghg,1756875010.0,1756875010.0,0
2025-09-02 23:00:00,2025-09-02T230000_smart3-01381.ghg,1756876813.0,1756876813.0,0
2025-09-02 23:30:00,2025-09-02T233000_smart3-01381.ghg,1756878616.0,1756878616.0,0
2025-09-03 00:00:00,2025-09-03T000000_smart3-01381.ghg,1756880419.0,1756880419.0,0
2025-09-03 00:30:00,2025-09-03T003000_smart3-01381.ghg,1756882212.0,1756882212.0,0
2025-09-03 01:00:00,2025-09-03T010000_smart3-01381.ghg,1756884015.0,1756884015.0,0
2025-09-03 01:30:00,2025-09-03T013000_smart3-01381.ghg,1756885817.0,1756885818.0,1
2025-09-03 02:00:00,2025-09-03T020000_smart3-01381.ghg,1756887610.0,1756887610.0,0
2025-09-03 02:30:00,2025-09-03T023000_smart3-01381.ghg,1756889414.0,1756889414.0,0
2025-09-03 03:00:00,2025-09-03T030000_smart3-01381.ghg,1756891217.0,1756891218.0,1
2025-09-03 03:30:00,2025-09-03T033000_smart3-01381.ghg,1756893010.0,1756893010.0,0
2025-09-03 04:00:00,2025-09-03T040000_smart3-01381.ghg,1756894814.0,1756894814.0,0
2025-09-03 04:30:00,2025-09-03T043000_smart3-01381.ghg,1756896617.0,1756896617.0,0
2025-09-03 05:00:00,2025-09-03T050000_smart3-01381.ghg,1756898409.0,1756898409.0,0
2025-09-03 05:30:00,2025-09-03T053000_smart3-01381.ghg,1756900214.0,1756900214.0,0
2025-09-03 06:00:00,2025-09-03T060000_smart3-01381.ghg,1756902016.0,1756902016.0,0
2025-09-03 06:30:00,2025-09-03T063000_smart3-01381.ghg,1756903811.0,1756903811.0,0
2025-09-03 07:00:00,2025-09-03T070000_smart3-01381.ghg,1756905613.0,1756905613.0,0
2025-09-03 07:30:00,2025-09-03T073000_smart3-01381.ghg,1756907417.0,1756907417.0,0
2025-09-03 08:00:00,2025-09-03T080000_smart3-01381.ghg,1756909210.0,1756909210.0,0
2025-09-03 08:30:00,2025-09-03T083000_smart3-01381.ghg,1756911013.0,1756911013.0,0
2025-09-03 09:00:00,2025-09-03T090000_smart3-01381.ghg,1756912816.0,1756912816.0,0
2025-09-03 09:30:00,2025-09-03T093000_smart3-01381.ghg,1756914609.0,1756914609.0,0
2025-09-03 10:00:00,2025-09-03T100000_smart3-01381.ghg,1756916413.0,1756916413.0,0
2025-09-03 10:30:00,2025-09-03T103000_smart3-01381.ghg,1756918216.0,1756918217.0,1
2025-09-03 11:00:00,2025-09-03T110000_smart3-01381.ghg,1756920010.0,1756920011.0,1
2025-09-03 11:30:00,2025-09-03T113000_smart3-01381.ghg,1756921814.0,1756921814.0,0
2025-09-03 12:00:00,2025-09-03T120000_smart3-01381.ghg,1756923618.0,1756923619.0,1
2025-09-03 12:30:00,2025-09-03T123000_smart3-01381.ghg,1756925412.0,1756925412.0,0
2025-09-03 13:00:00,2025-09-03T130000_smart3-01381.ghg,1756927214.0,1756927214.0,0
2025-09-03 13:30:00,2025-09-03T133000_smart3-01381.ghg,1756929017.0,1756929018.0,1
2025-09-03 14:00:00,2025-09-03T140000_smart3-01381.ghg,1756930811.0,1756930811.0,0
2025-09-03 14:30:00,2025-09-03T143000_smart3-01381.ghg,1756932614.0,1756932614.0,0
2025-09-03 15:00:00,2025-09-03T150000_smart3-01381.ghg,1756934417.0,1756934417.0,0
2025-09-03 15:30:00,2025-09-03T153000_smart3-01381.ghg,1756936211.0,1756936211.0,0
2025-09-03 16:00:00,2025-09-03T160000_smart3-01381.ghg,1756938014.0,1756938014.0,0
2025-09-03 16:30:00,2025-09-03T163000_smart3-01381.ghg,1756939817.0,1756939817.0,0
2025-09-03 17:00:00,2025-09-03T170000_smart3-01381.ghg,1756941610.0,1756941610.0,0
2025-09-03 17:30:00,2025-09-03T173000_smart3-01381.ghg,1756943413.0,1756943413.0,0
2025-09-03 18:00:00,2025-09-03T180000_smart3-01381.ghg,1756945218.0,1756945218.0,0
2025-09-03 18:30:00,2025-09-03T183000_smart3-01381.ghg,1756947010.0,1756947010.0,0
2025-09-03 19:00:00,2025-09-03T190000_smart3-01381.ghg,1756948812.0,1756948812.0,0
2025-09-03 19:30:00,2025-09-03T193000_smart3-01381.ghg,1756950616.0,1756950616.0,0
2025-09-03 20:00:00,2025-09-03T200000_smart3-01381.ghg,1756952410.0,1756952410.0,0
2025-09-03 20:30:00,2025-09-03T203000_smart3-01381.ghg,1756954213.0,1756954213.0,0
2025-09-03 21:00:00,2025-09-03T210000_smart3-01381.ghg,1756956016.0,1756956017.0,1
2025-09-03 21:30:00,2025-09-03T213000_smart3-01381.ghg,1756957819.0,1756957819.0,0
2025-09-03 22:00:00,2025-09-03T220000_smart3-01381.ghg,1756959612.0,1756959613.0,1
2025-09-03 22:30:00,2025-09-03T223000_smart3-01381.ghg,1756961416.0,1756961416.0,0
2025-09-03 23:00:00,2025-09-03T230000_smart3-01381.ghg,1756963218.0,1756963218.0,0
2025-09-03 23:30:00,2025-09-03T233000_smart3-01381.ghg,1756965012.0,1756965013.0,1
2025-09-04 00:00:00,2025-09-04T000000_smart3-01381.ghg,1756966815.0,1756966815.0,0
2025-09-04 00:30:00,2025-09-04T003000_smart3-01381.ghg,1756968618.0,1756968619.0,1
2025-09-04 01:00:00,2025-09-04T010000_smart3-01381.ghg,1756970410.0,1756970410.0,0
2025-09-04 01:30:00,2025-09-04T013000_smart3-01381.ghg,1756972215.0,1756972215.0,0
2025-09-04 02:00:00,2025-09-04T020000_smart3-01381.ghg,1756974018.0,1756974018.0,0
2025-09-04 02:30:00,2025-09-04T023000_smart3-01381.ghg,1756975812.0,1756975812.0,0
2025-09-04 03:00:00,2025-09-04T030000_smart3-01381.ghg,1756977615.0,1756977615.0,0
2025-09-04 03:30:00,2025-09-04T033000_smart3-01381.ghg,1756979418.0,1756979419.0,1
2025-09-04 04:00:00,2025-09-04T040000_smart3-01381.ghg,1756981211.0,1756981211.0,0
2025-09-04 04:30:00,2025-09-04T043000_smart3-01381.ghg,1756983015.0,1756983015.0,0
2025-09-04 05:00:00,2025-09-04T050000_smart3-01381.ghg,1756984818.0,1756984818.0,0
2025-09-04 05:30:00,2025-09-04T053000_smart3-01381.ghg,1756986611.0,1756986611.0,0
2025-09-04 06:00:00,2025-09-04T060000_smart3-01381.ghg,1756988415.0,1756988415.0,0
2025-09-04 06:30:00,2025-09-04T063000_smart3-01381.ghg,1756990217.0,1756990217.0,0
2025-09-04 07:00:00,2025-09-04T070000_smart3-01381.ghg,1756992010.0,1756992010.0,0
2025-09-04 07:30:00,2025-09-04T073000_smart3-01381.ghg,1756993814.0,1756993814.0,0
2025-09-04 08:00:00,2025-09-04T080000_smart3-01381.ghg,1756995616.0,1756995616.0,0
2025-09-04 08:30:00,2025-09-04T083000_smart3-01381.ghg,1756997410.0,1756997410.0,0
2025-09-04 09:00:00,2025-09-04T090000_smart3-01381.ghg,1756999213.0,1756999214.0,1
2025-09-04 09:30:00,2025-09-04T093000_smart3-01381.ghg,1757001017.0,1757001017.0,0
2025-09-04 10:00:00,2025-09-04T100000_smart3-01381.ghg,1757002810.0,1757002810.0,0
2025-09-04 10:30:00,2025-09-04T103000_smart3-01381.ghg,1757004613.0,1757004613.0,0
2025-09-04 11:00:00,2025-09-04T110000_smart3-01381.ghg,1757006417.0,1757006417.0,0
2025-09-04 11:30:00,2025-09-04T113000_smart3-01381.ghg,1757008209.0,1757008209.0,0
2025-09-04 12:00:00,2025-09-04T120000_smart3-01381.ghg,1757010013.0,1757010013.0,0
2025-09-04 12:30:00,2025-09-04T123000_smart3-01381.ghg,1757011816.0,1757011816.0,0
2025-09-04 13:00:00,2025-09-04T130000_smart3-01381.ghg,1757013609.0,1757013609.0,0
2025-09-04 13:30:00,2025-09-04T133000_smart3-01381.ghg,1757015413.0,1757015413.0,0
2025-09-04 14:00:00,2025-09-04T140000_smart3-01381.ghg,1757017215.0,1757017216.0,1
2025-09-04 14:30:00,2025-09-04T143000_smart3-01381.ghg,1757019019.0,1757019019.0,0
2025-09-04 15:00:00,2025-09-04T150000_smart3-01381.ghg,1757020812.0,1757020812.0,0
2025-09-04 15:30:00,2025-09-04T153000_smart3-01381.ghg,1757022615.0,1757022615.0,0
2025-09-04 16:00:00,2025-09-04T160000_smart3-01381.ghg,1757024418.0,1757024418.0,0
2025-09-04 16:30:00,2025-09-04T163000_smart3-01381.ghg,1757026212.0,1757026212.0,0
2025-09-04 17:00:00,2025-09-04T170000_smart3-01381.ghg,1757028015.0,1757028015.0,0
2025-09-04 17:30:00,2025-09-04T173000_smart3-01381.ghg,1757029819.0,1757029819.0,0
2025-09-04 18:00:00,2025-09-04T180000_smart3-01381.ghg,1757031612.0,1757031612.0,0
2025-09-04 18:30:00,2025-09-04T183000_smart3-01381.ghg,1757033416.0,1757033416.0,0
2025-09-04 19:00:00,2025-09-04T190000_smart3-01381.ghg,1757035218.0,1757035219.0,1
2025-09-04 19:30:00,2025-09-04T193000_smart3-01381.ghg,1757037012.0,1757037012.0,0
2025-09-04 20:00:00,2025-09-04T200000_smart3-01381.ghg,1757038816.0,1757038816.0,0
2025-09-04 20:30:00,2025-09-04T203000_smart3-01381.ghg,1757040619.0,1757040619.0,0
2025-09-04 21:00:00,2025-09-04T210000_smart3-01381.ghg,1757042411.0,1757042412.0,1
2025-09-04 21:30:00,2025-09-04T213000_smart3-01381.ghg,1757044214.0,1757044214.0,0
2025-09-04 22:00:00,2025-09-04T220000_smart3-01381.ghg,1757046018.0,1757046018.0,0
2025-09-04 22:30:00,2025-09-04T223000_smart3-01381.ghg,1757047810.0,1757047810.0,0
2025-09-04 23:00:00,2025-09-04T230000_smart3-01381.ghg,1757049613.0,1757049614.0,1
2025-09-04 23:30:00,2025-09-04T233000_smart3-01381.ghg,1757051417.0,1757051417.0,0
2025-09-05 00:00:00,2025-09-05T000000_smart3-01381.ghg,1757053210.0,1757053211.0,1
2025-09-05 00:30:00,2025-09-05T003000_smart3-01381.ghg,1757055013.0,1757055013.0,0
2025-09-05 01:00:00,2025-09-05T010000_smart3-01381.ghg,1757056817.0,1757056817.0,0
2025-09-05 01:30:00,2025-09-05T013000_smart3-01381.ghg,1757058610.0,1757058611.0,1
2025-09-05 02:00:00,2025-09-05T020000_smart3-01381.ghg,1757060413.0,1757060414.0,1
2025-09-05 02:30:00,2025-09-05T023000_smart3-01381.ghg,1757062216.0,1757062216.0,0
2025-09-05 03:00:00,2025-09-05T030000_smart3-01381.ghg,1757064010.0,1757064010.0,0
2025-09-05 03:30:00,2025-09-05T033000_smart3-01381.ghg,1757065814.0,1757065814.0,0
2025-09-05 04:00:00,2025-09-05T040000_smart3-01381.ghg,1757067616.0,1757067616.0,0
2025-09-05 04:30:00,2025-09-05T043000_smart3-01381.ghg,1757069411.0,1757069411.0,0
2025-09-05 05:00:00,2025-09-05T050000_smart3-01381.ghg,1757071213.0,1757071213.0,0
2025-09-05 05:30:00,2025-09-05T053000_smart3-01381.ghg,1757073017.0,1757073017.0,0
2025-09-05 06:00:00,2025-09-05T060000_smart3-01381.ghg,1757074810.0,1757074810.0,0
2025-09-05 06:30:00,2025-09-05T063000_smart3-01381.ghg,1757076612.0,1757076613.0,1
2025-09-05 07:00:00,2025-09-05T070000_smart3-01381.ghg,1757078415.0,1757078415.0,0
2025-09-05 07:30:00,2025-09-05T073000_smart3-01381.ghg,1757080218.0,1757080218.0,0
2025-09-05 08:00:00,2025-09-05T080000_smart3-01381.ghg,1757082012.0,1757082012.0,0
2025-09-05 09:10:09,2025-09-05T091009_smart3-01381.ghg,1757085618.0,1757085619.0,1
2025-09-05 09:30:00,2025-09-05T093000_smart3-01381.ghg,1757087411.0,1757087411.0,0
2025-09-05 10:00:00,2025-09-05T100000_smart3-01381.ghg,1757089215.0,1757089215.0,0
2025-09-05 10:30:00,2025-09-05T103000_smart3-01381.ghg,1757091018.0,1757091018.0,0
2025-09-05 11:00:00,2025-09-05T110000_smart3-01381.ghg,1757092810.0,1757092810.0,0
2025-09-05 11:30:00,2025-09-05T113000_smart3-01381.ghg,1757094614.0,1757094614.0,0
2025-09-05 12:00:00,2025-09-05T120000_smart3-01381.ghg,1757096417.0,1757096417.0,0
2025-09-05 12:30:00,2025-09-05T123000_smart3-01381.ghg,1757098210.0,1757098210.0,0
2025-09-05 13:00:00,2025-09-05T130000_smart3-01381.ghg,1757100013.0,1757100013.0,0
2025-09-05 13:30:00,2025-09-05T133000_smart3-01381.ghg,1757101817.0,1757101817.0,0
2025-09-05 14:00:00,2025-09-05T140000_smart3-01381.ghg,1757103609.0,1757103609.0,0
2025-09-05 14:30:00,2025-09-05T143000_smart3-01381.ghg,1757105413.0,1757105413.0,0
2025-09-05 15:00:00,2025-09-05T150000_smart3-01381.ghg,1757107216.0,1757107216.0,0
2025-09-05 15:30:00,2025-09-05T153000_smart3-01381.ghg,1757109019.0,1757109019.0,0
2025-09-05 16:00:00,2025-09-05T160000_smart3-01381.ghg,1757110813.0,1757110813.0,0
2025-09-05 16:30:00,2025-09-05T163000_smart3-01381.ghg,1757112615.0,1757112616.0,1
2025-09-05 17:00:00,2025-09-05T170000_smart3-01381.ghg,1757114419.0,1757114419.0,0
2025-09-05 17:30:00,2025-09-05T173000_smart3-01381.ghg,1757116212.0,1757116212.0,0
2025-09-05 18:00:00,2025-09-05T180000_smart3-01381.ghg,1757118014.0,1757118014.0,0
2025-09-05 18:30:00,2025-09-05T183000_smart3-01381.ghg,1757119818.0,1757119818.0,0
2025-09-05 19:00:00,2025-09-05T190000_smart3-01381.ghg,1757121611.0,1757121611.0,0
2025-09-05 19:30:00,2025-09-05T193000_smart3-01381.ghg,1757123414.0,1757123414.0,0
2025-09-05 20:00:00,2025-09-05T200000_smart3-01381.ghg,1757125218.0,1757125218.0,0
2025-09-05 20:30:00,2025-09-05T203000_smart3-01381.ghg,1757127011.0,1757127011.0,0
2025-09-05 21:00:00,2025-09-05T210000_smart3-01381.ghg,1757128814.0,1757128814.0,0
2025-09-05 21:30:00,2025-09-05T213000_smart3-01381.ghg,1757130617.0,1757130617.0,0
2025-09-05 22:00:00,2025-09-05T220000_smart3-01381.ghg,1757132410.0,1757132410.0,0
2025-09-05 22:30:00,2025-09-05T223000_smart3-01381.ghg,1757134214.0,1757134214.0,0
2025-09-05 23:00:00,2025-09-05T230000_smart3-01381.ghg,1757136017.0,1757136017.0,0
2025-09-05 23:30:00,2025-09-05T233000_smart3-01381.ghg,1757137810.0,1757137810.0,0
2025-09-06 00:00:00,2025-09-06T000000_smart3-01381.ghg,1757139614.0,1757139614.0,0
2025-09-06 00:30:00,2025-09-06T003000_smart3-01381.ghg,1757141417.0,1757141417.0,0
2025-09-06 01:00:00,2025-09-06T010000_smart3-01381.ghg,1757143209.0,1757143210.0,1
2025-09-06 01:30:00,2025-09-06T013000_smart3-01381.ghg,1757145013.0,1757145013.0,0
2025-09-06 02:00:00,2025-09-06T020000_smart3-01381.ghg,1757146817.0,1757146817.0,0
2025-09-06 02:30:00,2025-09-06T023000_smart3-01381.ghg,1757148609.0,1757148610.0,1
2025-09-06 03:00:00,2025-09-06T030000_smart3-01381.ghg,1757150414.0,1757150414.0,0
2025-09-06 03:30:00,2025-09-06T033000_smart3-01381.ghg,1757152218.0,1757152218.0,0
2025-09-06 04:00:00,2025-09-06T040000_smart3-01381.ghg,1757154012.0,1757154012.0,0
2025-09-06 04:30:00,2025-09-06T043000_smart3-01381.ghg,1757155815.0,1757155815.0,0
2025-09-06 05:00:00,2025-09-06T050000_smart3-01381.ghg,1757157618.0,1757157618.0,0
2025-09-06 05:30:00,2025-09-06T053000_smart3-01381.ghg,1757159411.0,1757159411.0,0
2025-09-06 06:00:00,2025-09-06T060000_smart3-01381.ghg,1757161214.0,1757161214.0,0
2025-09-06 06:30:00,2025-09-06T063000_smart3-01381.ghg,1757163018.0,1757163018.0,0
2025-09-06 07:00:00,2025-09-06T070000_smart3-01381.ghg,,,-2
2025-09-07 05:30:00,2025-09-07T053000_smart3-01381.ghg,1757245815.0,1757245815.0,0
2025-09-07 06:00:00,2025-09-07T060000_smart3-01381.ghg,,,-2
2025-09-07 11:30:00,2025-09-07T113000_smart3-01381.ghg,1757267411.0,1757267411.0,0
2025-09-07 12:00:00,2025-09-07T120000_smart3-01381.ghg,1757269215.0,1757269215.0,0
2025-09-07 12:30:00,2025-09-07T123000_smart3-01381.ghg,1757271019.0,1757271019.0,0
2025-09-07 13:00:00,2025-09-07T130000_smart3-01381.ghg,1757272812.0,1757272812.0,0
2025-09-07 13:30:00,2025-09-07T133000_smart3-01381.ghg,1757274615.0,1757274615.0,0
2025-09-07 14:00:00,2025-09-07T140000_smart3-01381.ghg,1757276417.0,1757276418.0,1
2025-09-07 14:30:00,2025-09-07T143000_smart3-01381.ghg,1757278211.0,1757278211.0,0
2025-09-07 15:00:00,2025-09-07T150000_smart3-01381.ghg,1757280013.0,1757280013.0,0
2025-09-07 15:30:00,2025-09-07T153000_smart3-01381.ghg,1757281817.0,1757281817.0,0
2025-09-07 16:00:00,2025-09-07T160000_smart3-01381.ghg,1757283611.0,1757283611.0,0
2025-09-07 16:30:00,2025-09-07T163000_smart3-01381.ghg,1757285413.0,1757285413.0,0
2025-09-07 17:00:00,2025-09-07T170000_smart3-01381.ghg,1757287216.0,1757287216.0,0
2025-09-07 17:30:00,2025-09-07T173000_smart3-01381.ghg,1757289019.0,1757289019.0,0
2025-09-07 18:00:00,2025-09-07T180000_smart3-01381.ghg,1757290813.0,1757290813.0,0
2025-09-07 18:30:00,2025-09-07T183000_smart3-01381.ghg,,,-2
2025-09-09 01:30:00,2025-09-09T013000_smart3-01381.ghg,1757404216.0,1757404216.0,0
2025-09-09 13:00:00,2025-09-09T130000_smart3-01381.ghg,1757445614.0,1757445614.0,0
2025-09-10 02:30:00,2025-09-10T023000_smart3-01381.ghg,1757494249.0,1757494249.0,0
2025-09-13 14:30:00,2025-09-13T143000_smart3-01381.ghg,1757796642.0,1757796642.0,0
2025-09-17 15:30:00,2025-09-17T153000_smart3-01381.ghg,1758145841.0,1758145841.0,0
